<?xml version="1.0" encoding="UTF-8"?>
<project-private xmlns="http://www.netbeans.org/ns/project-private/1">
    <editor-bookmarks xmlns="http://www.netbeans.org/ns/editor-bookmarks/2" lastBookmarkId="0"/>
    <open-files xmlns="http://www.netbeans.org/ns/projectui-open-files/2">
        <group>
            <file>file:/C:/Users/mahfu/OneDrive/Documents/Result_Portal_System(Full%20NetbeansProject)/Result_Portal_System/src/result_portal_system/Home.java</file>
            <file>file:/C:/Users/mahfu/OneDrive/Documents/Result_Portal_System(Full%20NetbeansProject)/Result_Portal_System/src/result_portal_system/admin/AddSemester.java</file>
            <file>file:/C:/Users/mahfu/OneDrive/Documents/Result_Portal_System(Full%20NetbeansProject)/Result_Portal_System/src/result_portal_system/admin/AddCourse.java</file>
            <file>file:/C:/Users/mahfu/OneDrive/Documents/Result_Portal_System(Full%20NetbeansProject)/Result_Portal_System/src/result_portal_system/admin/AddStudent.java</file>
            <file>file:/C:/Users/mahfu/OneDrive/Documents/Result_Portal_System(Full%20NetbeansProject)/Result_Portal_System/src/result_portal_system/admin/AdminHomePage.java</file>
        </group>
    </open-files>
</project-private>
